{"chunk_definitions":[{"row":54,"row_count":1,"visible":true,"expansion_state":0,"options":{"engine":"r","label":"Criar Valores"},"document_id":"F2BAF1BE","chunk_id":"c8mbivdu7e100","chunk_label":"Criar Valores"},{"row":67,"row_count":1,"visible":true,"expansion_state":0,"options":{"engine":"r","label":"Abrir Dataset","echo":true},"document_id":"F2BAF1BE","chunk_id":"cqu4nkwmltumz","chunk_label":"Abrir Dataset"},{"row":74,"row_count":1,"visible":true,"expansion_state":0,"options":{"engine":"r","label":"Carregar Biblioteca","echo":true,"message":false},"document_id":"F2BAF1BE","chunk_id":"cqqtf3neufwb2","chunk_label":"Carregar Biblioteca"},{"row":87,"row_count":1,"visible":true,"expansion_state":0,"options":{"engine":"r","label":"Gerando Tabelas","echo":true,"message":false},"document_id":"F2BAF1BE","chunk_id":"chi33jgcufg6h","chunk_label":"Gerando Tabelas"},{"row":98,"row_count":1,"visible":true,"expansion_state":0,"options":{"engine":"r","label":"Gerando Gráficos","echo":true},"document_id":"F2BAF1BE","chunk_id":"cvvsashkcfmll","chunk_label":"Gerando Gráficos"}],"doc_write_time":1684279160,"chunk_rendered_width":635}