"0",""
"0","#Temos valores nulos?"
"0","data[is.na(data) == TRUE]"
"1","numeric(0)
"
"0","#Train-Test Split"
"0","train_test_split_index <- 0.8 * nrow(data)"
"0",""
"0","train <- data.frame(data[1:train_test_split_index,])"
"0","test <- data.frame(data[(train_test_split_index+1): nrow(data),])"
"0",""
"0","#CART"
"0",""
"0","# árvore"
"0","fit_tree <- rpart(medv ~.,method=""anova"", data=train)"
"0","tree_predict <- predict(fit_tree,test)"
"0","mse_tree <- mean((tree_predict - test$medv)^2)"
"0",""
