"0","install_github(""TimoMatzen/RBM"")
"
"2","Downloading GitHub repo TimoMatzen/RBM@HEAD
"
"1","[36m──[39m [36mR CMD build[39m [36m─────────────────────────────────────────────────────────────────[39m"
"1",""
"1","
"
"1","  "
"1","  "
"1",""
"1",""
"1","  "
"1","   checking for file 'C:\Users\Jeronymo\AppData\Local\Temp\RtmpaWBgvK\remotes242c78986515\TimoMatzen-RBM-0fb2b60/DESCRIPTION' ..."
"1",""
"1",""
"1","  "
"1","[32m✔[39m  [38;5;247mchecking for file 'C:\Users\Jeronymo\AppData\Local\Temp\RtmpaWBgvK\remotes242c78986515\TimoMatzen-RBM-0fb2b60/DESCRIPTION'[39m[36m[36m (511ms)[36m[39m"
"1",""
"1","
"
"1",""
"1",""
"1",""
"1","  "
"1","  "
"1",""
"1",""
"1","  "
"1","[38;5;247m─[39m[38;5;247m  [39m[38;5;247mpreparing 'RBM':[39m[36m[39m"
"1",""
"1","
"
"1","   checking DESCRIPTION meta-information ..."
"1",""
"1",""
"1","  "
"1","[32m✔[39m  [38;5;247mchecking DESCRIPTION meta-information[39m[36m[39m"
"1",""
"1","
"
"1",""
"1",""
"1",""
"1","  "
"1","  "
"1",""
"1",""
"1","  "
"1","[38;5;247m─[39m[38;5;247m  [39m[38;5;247mchecking for LF line-endings in source and make files and shell scripts[39m[36m[39m"
"1",""
"1","
"
"1",""
"1",""
"1",""
"1","  "
"1","[38;5;247m─[39m[38;5;247m  [39m[38;5;247mchecking for empty or unneeded directories[39m[36m[39m"
"1",""
"1","
"
"1","[38;5;247m─[39m[38;5;247m  [39m[38;5;247mbuilding 'RBM_0.0.0.9000.tar.gz'[39m[36m[39m"
"1",""
"1","
"
"1",""
"1",""
"1",""
"1","  "
"1","   "
"1",""
"1","
"
"1",""
"1",""
"1",""
"2","Installing package into ‘C:/Users/Jeronymo/AppData/Local/R/win-library/4.3’
(as ‘lib’ is unspecified)
"
"1","* installing *source* package 'RBM' ...
"
"1","** using staged installation
"
"1","** R
"
"1","** data
"
"1","*** moving datasets to lazyload DB
"
"1","** byte-compile and prepare package for lazy loading
"
"1","** help
"
"1","*** installing help indices
"
"1","** building package indices
"
"1","** testing if installed package can be loaded from temporary location
"
"1","** testing if installed package can be loaded from final location
"
"1","** testing if installed package keeps a record of temporary installation path
"
"1","* DONE (RBM)
"
