{"chunk_definitions":[{"row":14,"row_count":1,"visible":true,"expansion_state":0,"options":{"engine":"r","label":"unnamed-chunk-7"},"document_id":null,"chunk_id":"cq5gn14u0s4cc","chunk_label":"unnamed-chunk-1"},{"row":19,"row_count":1,"visible":true,"expansion_state":0,"options":[],"document_id":null,"chunk_id":"cgzrdxp6bifup","chunk_label":"unnamed-chunk-2"},{"row":31,"row_count":1,"visible":true,"expansion_state":0,"options":[],"document_id":null,"chunk_id":"cu9l6ip3f14ls","chunk_label":"unnamed-chunk-3"},{"row":40,"row_count":1,"visible":true,"expansion_state":0,"options":[],"document_id":null,"chunk_id":"c5u2zzmecezvo","chunk_label":"unnamed-chunk-4"},{"row":53,"row_count":1,"visible":true,"expansion_state":0,"options":[],"document_id":null,"chunk_id":"cq0n8ybi8igpl","chunk_label":"unnamed-chunk-5"},{"row":70,"row_count":1,"visible":true,"expansion_state":0,"options":[],"document_id":null,"chunk_id":"cmq25embdjpiq","chunk_label":"unnamed-chunk-6"},{"row":82,"row_count":1,"visible":true,"expansion_state":0,"options":[],"document_id":null,"chunk_id":"c3kc8a1n2jkos","chunk_label":"unnamed-chunk-7"},{"row":92,"row_count":1,"visible":true,"expansion_state":0,"options":[],"document_id":null,"chunk_id":"c7p1do57fgea6","chunk_label":"unnamed-chunk-8"},{"row":102,"row_count":1,"visible":true,"expansion_state":0,"options":[],"document_id":null,"chunk_id":"c05t8jdax9yha","chunk_label":"unnamed-chunk-9"},{"row":116,"row_count":1,"visible":true,"expansion_state":0,"options":[],"document_id":null,"chunk_id":"cqpmc41ftlg4s","chunk_label":"unnamed-chunk-10"},{"row":162,"row_count":1,"visible":true,"expansion_state":0,"options":[],"document_id":null,"chunk_id":"cwq8eg5cqe9ag","chunk_label":"unnamed-chunk-11"}],"doc_write_time":1689172624,"chunk_rendered_width":672}