{"chunk_definitions":[{"chunk_id":"cwy4ixp9f5l2a","expansion_state":0,"options":[],"row":14,"row_count":1,"visible":true},{"chunk_id":"cmv2fhn41ll4r","expansion_state":0,"options":[],"row":19,"row_count":1,"visible":true},{"chunk_id":"chag8pzblzo2w","expansion_state":0,"options":[],"row":31,"row_count":1,"visible":true},{"chunk_id":"chcgaxpmodr1h","expansion_state":0,"options":[],"row":40,"row_count":1,"visible":true},{"chunk_id":"cd9xqn10px6ig","expansion_state":0,"options":[],"row":53,"row_count":1,"visible":true},{"chunk_id":"c5z8ng5yyd2ul","expansion_state":0,"options":[],"row":70,"row_count":1,"visible":true},{"chunk_id":"cw6rwk5u3hr1h","expansion_state":0,"options":[],"row":82,"row_count":1,"visible":true},{"chunk_id":"cfo7u69u9sb97","expansion_state":0,"options":[],"row":92,"row_count":1,"visible":true},{"chunk_id":"cod7tyn0uoiqq","expansion_state":0,"options":[],"row":102,"row_count":1,"visible":true},{"chunk_id":"c43u2ixpwvif4","expansion_state":0,"options":[],"row":116,"row_count":1,"visible":true},{"chunk_id":"cc9742apjtq0l","expansion_state":0,"options":[],"row":162,"row_count":1,"visible":true}],"doc_write_time":1648436319.81051}
