{"chunk_definitions":[{"row":66,"row_count":1,"visible":true,"expansion_state":0,"options":{"engine":"r","label":"unnamed-chunk-6"},"document_id":"6A944640","chunk_id":"cksir7i9pksrm","chunk_label":"unnamed-chunk-1"},{"row":79,"row_count":1,"visible":true,"expansion_state":0,"options":{"engine":"r","label":"unnamed-chunk-7"},"document_id":"6A944640","chunk_id":"cr27l19zx8q7l","chunk_label":"unnamed-chunk-2"},{"row":101,"row_count":1,"visible":true,"expansion_state":0,"options":{"engine":"r","label":"unnamed-chunk-8"},"document_id":"6A944640","chunk_id":"ca0n0ueax1gxx","chunk_label":"unnamed-chunk-3"}],"doc_write_time":1646743255,"chunk_rendered_width":672}