{"chunk_definitions":[{"row":57,"row_count":1,"visible":true,"expansion_state":0,"options":{"engine":"r","label":"unnamed-chunk-1"},"document_id":"59946390","chunk_id":"ccehdra7ujik9","chunk_label":"unnamed-chunk-1"},{"row":86,"row_count":1,"visible":true,"expansion_state":0,"options":{"engine":"r","label":"unnamed-chunk-2"},"document_id":"59946390","chunk_id":"cbf85pwkmainb","chunk_label":"unnamed-chunk-2"},{"row":92,"row_count":1,"visible":true,"expansion_state":0,"options":{"engine":"r","label":"unnamed-chunk-3"},"document_id":"59946390","chunk_id":"c7d65n80qglak","chunk_label":"unnamed-chunk-3"},{"row":151,"row_count":1,"visible":true,"expansion_state":0,"options":{"engine":"r","label":"unnamed-chunk-4"},"document_id":"59946390","chunk_id":"c88789mp58flb","chunk_label":"unnamed-chunk-4"}],"doc_write_time":1647293110}