"0","#Padronizar dados para melhor performance"
"0","#Explicar apply"
"0","set.seed(0)"
"0","max_data <- apply(data, 2, max) "
"0","min_data <- apply(data, 2, min)"
"0","scaled <- scale(data,center = min_data, scale = max_data - min_data)"
"0",""
"0","index = sample(1:nrow(data),round(0.70*nrow(data)))"
"0","train_data <- as.data.frame(scaled[index,])"
"0","test_data <- as.data.frame(scaled[-index,])"
"0",""
"0","library(neuralnet)"
"0",""
"0","#abrir o CRAN para mostrar"
"0",""
"0","#Fit de neuralnet"
"0","#Executar testes com diferentes arquiteturas"
"0","nn <- neuralnet(medv~crim+zn+indus+chas+nox+rm+age+dis+rad+tax+ptratio+black+lstat,data=train_data,hidden=c(5,4,3,2),linear.output=T)"
"0","plot(nn)"
