"0",""
"0","Fashion$trainY[102]"
"1","[1]"
"1"," 5"
"1","
"
"0","Fashion$trainY[102]"
"1","[1]"
"1"," 5"
"1","
"
"0","#Diminui o tamanho para melhorar processamento"
"0","Fashion$trainX <- Fashion$trainX[,1:2000]"
"0","Fashion$trainY <- Fashion$trainY[1:2000]"
"0","Fashion$testX <- Fashion$testX[,1:200]"
"0","Fashion$testY <- Fashion$testY[1:200]"
"0",""
"0","train <- t(Fashion$trainX)"
"0",""
"0","#RBM"
"0","modelRBM <- RBM(x = train, n.iter = 1000, n.hidden = 100, size.minibatch = 10, plot = TRUE)"
"1","[1]"
"1"," ""n.hidden > 30, only plotting a sample of the invisible nodes"""
"1","
"
